,index,note length,pitch
0,1,-1.0,2.0
1,3,0.0,2.0
2,5,0.0,3.0
3,7,0.0,-2.0
4,9,0.0,-1.0
5,11,0.0,1.0
6,13,0.0,3.0
7,15,0.0,-1.0
8,17,0.0,-1.0
9,19,0.0,1.0
10,21,-1.0,3.0
11,23,1.0,-2.0
12,25,0.0,-1.0
13,27,0.0,1.0
14,29,0.0,4.0
15,31,1.0,-2.0
16,33,-1.0,2.0
17,35,2.0,-4.0
18,37,-3.0,7.0
19,39,3.0,2.0
20,41,-2.0,-1.0
21,43,0.0,-1.0
22,45,0.0,-2.0
23,47,0.0,-5.0
24,49,0.0,1.0
25,51,0.0,3.0
26,53,0.0,-2.0
27,55,0.0,2.0
28,57,0.0,1.0
29,59,0.0,2.0
30,61,0.0,-3.0
31,63,-1.0,-2.0
32,65,2.0,-2.0
33,67,-1.0,-3.0
34,69,3.0,2.0
35,71,-3.0,-2.0
36,73,1.0,2.0
37,75,0.0,-5.0
38,77,-1.0,-3.0
39,79,0.0,2.0
40,81,0.0,2.0
41,83,0.0,2.0
42,85,0.0,3.0
43,87,0.0,3.0
44,89,0.0,2.0
45,91,2.0,2.0
46,93,-3.0,-15.0
47,95,1.0,1.0
48,97,-1.0,2.0
49,99,0.0,3.0
50,101,0.0,1.0
51,103,0.0,3.0
52,105,0.0,2.0
53,107,0.0,2.0
54,109,3.0,1.0
55,111,-2.0,-2.0
56,113,0.0,-1.0
57,115,2.0,-4.0
58,117,-3.0,6.0
59,119,3.0,2.0
60,121,-2.0,0.0
61,123,-1.0,-4.0
62,125,2.0,2.0
63,127,-1.0,2.0
64,129,0.0,-2.0
65,131,0.0,-4.0
66,133,-1.0,2.0
67,135,1.0,2.0
68,137,0.0,-2.0
69,139,0.0,-4.0
70,141,0.0,2.0
71,143,0.0,2.0
72,145,2.0,-2.0
73,147,-2.0,-2.0
74,149,0.0,2.0
75,151,0.0,-2.0
76,153,-1.0,-1.0
77,155,1.0,1.0
78,157,-1.0,3.0
79,159,0.0,-1.0
80,161,1.0,-2.0
81,163,-1.0,2.0
82,165,0.0,2.0
83,167,0.0,-1.0
84,169,0.0,-2.0
85,171,0.0,2.0
86,173,0.0,6.0
87,175,1.0,-1.0
88,177,1.0,-1.0
89,179,-2.0,1.0
90,181,2.0,1.0
91,183,-1.0,-5.0
92,185,-1.0,3.0
93,187,2.0,-2.0
94,189,-1.0,-5.0
95,191,0.0,1.0
96,193,0.0,3.0
97,195,0.0,-2.0
98,197,0.0,-5.0
99,199,0.0,-2.0
100,201,0.0,-2.0
101,203,0.0,-1.0
102,205,0.0,2.0
103,207,0.0,2.0
104,209,0.0,3.0
105,211,0.0,-2.0
106,213,1.0,2.0
107,215,-1.0,1.0
108,217,-1.0,2.0
109,219,2.0,2.0
110,221,-1.0,-5.0
111,223,0.0,3.0
112,225,0.0,-2.0
113,227,0.0,-3.0
114,229,0.0,-5.0
115,231,-1.0,-1.0
116,233,1.0,2.0
117,235,0.0,1.0
118,237,-1.0,3.0
119,239,0.0,2.0
120,241,0.0,2.0
121,243,0.0,2.0
122,245,0.0,2.0
123,247,2.0,2.0
124,249,-2.0,-12.0
125,251,0.0,1.0
126,253,0.0,2.0
127,255,0.0,1.0
128,257,0.0,5.0
129,259,0.0,3.0
130,261,3.0,5.0
131,263,-2.0,-1.0
132,265,0.0,-2.0
133,267,-1.0,-1.0
134,269,2.0,-4.0
135,271,1.0,2.0
136,273,1.0,10.0
137,275,-3.0,-2.0
138,277,0.0,-2.0
139,279,0.0,-8.0
140,281,0.0,2.0
141,283,2.0,5.0
142,285,-2.0,-1.0
143,287,0.0,-2.0
144,289,-1.0,-4.0
145,291,1.0,2.0
146,293,0.0,2.0
147,295,0.0,-4.0
148,297,-0.0,-4.0
149,299,-2.0,7.0
150,301,0.0,1.0
151,303,3.0,2.0
152,305,1.0,-1.0
153,307,-2.0,-2.0
154,309,0.0,-2.0
155,311,0.0,-5.0
156,313,0.0,1.0
157,315,0.0,3.0
158,317,0.0,-2.0
159,319,0.0,2.0
160,321,0.0,1.0
161,323,0.0,-3.0
162,325,2.0,5.0
163,327,-1.0,-2.0
164,329,-1.0,-1.0
165,331,-1.0,-4.0
166,333,1.0,-1.0
167,335,-1.0,3.0
168,337,1.0,-2.0
169,339,0.0,-3.0
170,341,0.0,-1.0
171,343,0.0,3.0
172,345,0.0,-2.0
173,347,0.0,-5.0
174,349,0.0,-2.0
175,351,0.0,-2.0
176,353,2.0,4.0
177,355,-2.0,-4.0
178,357,2.0,3.0
179,359,-3.0,2.0
180,361,0.0,2.0
181,363,0.0,2.0
182,365,0.0,3.0
183,367,1.0,5.0
184,369,1.0,2.0
185,371,0.0,-12.0
186,373,-2.0,1.0
187,375,1.0,4.0
188,377,0.0,-1.0
189,379,0.0,-3.0
190,381,0.0,-3.0
191,383,2.0,6.0
192,385,-2.0,-2.0
193,387,0.0,2.0
194,389,1.0,1.0
195,391,-1.0,-3.0
196,393,0.0,-1.0
197,395,0.0,3.0
198,397,0.0,-2.0
199,399,0.0,2.0
200,401,0.0,1.0
201,403,0.0,2.0
202,405,0.0,2.0
203,407,-1.0,-4.0
204,409,2.0,-3.0
205,411,-1.0,-1.0
206,413,0.0,4.0
207,415,0.0,-1.0
208,417,0.0,-3.0
209,419,0.0,3.0
210,421,1.0,-2.0
211,423,-2.0,-7.0
212,425,0.0,2.0
213,427,0.0,4.0
214,429,0.0,1.0
215,431,2.0,2.0
216,433,-1.0,1.0
217,435,0.0,2.0
218,437,0.0,2.0
219,439,1.0,-7.0
220,441,-1.0,2.0
221,443,0.0,3.0
222,445,2.0,7.0
223,447,-2.0,-2.0
224,449,0.0,-2.0
225,451,1.0,-3.0
226,453,-1.0,3.0
227,455,3.0,2.0
228,457,-3.0,-3.0
229,459,0.0,1.0
230,461,1.0,-1.0
231,463,0.0,-4.0
232,465,0.0,-1.0
233,467,0.0,-6.0
234,469,0.0,-1.0
235,471,0.0,2.0
236,473,0.0,2.0
237,475,0.0,3.0
238,477,0.0,-2.0
239,479,0.0,2.0
240,481,0.0,1.0
241,483,0.0,2.0
242,485,0.0,2.0
243,487,0.0,-5.0
244,489,-1.0,3.0
245,491,1.0,-3.0
246,493,1.0,1.0
247,495,-1.0,-3.0
248,497,-1.0,-6.0
249,499,0.0,2.0
250,501,-0.0,2.0
251,503,0.0,2.0
252,505,0.0,3.0
253,507,0.0,3.0
254,509,1.0,4.0
255,511,0.0,3.0
256,513,-1.0,-14.0
257,515,1.0,3.0
258,517,0.0,7.0
259,519,-1.0,-2.0
260,521,0.0,2.0
261,523,0.0,-2.0
262,525,0.0,-2.0
263,527,0.0,1.0
264,529,0.0,3.0
265,531,1.0,-2.0
266,533,0.0,5.0
267,535,1.0,2.0
268,537,-1.0,-2.0
269,539,0.0,-1.0
270,541,0.0,-3.0
271,543,0.0,-1.0
272,545,0.0,-1.0
273,547,0.0,-1.0
274,549,-1.0,-2.0
275,551,1.0,-1.0
276,553,0.0,-2.0
277,555,0.0,3.0
278,557,0.0,-8.0
279,559,0.0,2.0
280,561,0.0,2.0
281,563,1.0,1.0
282,565,-2.0,2.0
283,567,1.0,1.0
284,569,0.0,2.0
285,571,0.0,2.0
286,573,0.0,5.0
287,575,0.0,-5.0
288,577,2.0,-2.0
289,579,-2.0,-2.0
290,581,0.0,4.0
291,583,0.0,-4.0
292,585,0.0,-1.0
293,587,0.0,3.0
294,589,0.0,-2.0
295,591,1.0,-3.0
296,593,-1.0,4.0
297,595,0.0,-1.0
298,597,0.0,1.0
299,599,0.0,3.0
300,601,0.0,-2.0
301,603,0.0,-5.0
302,605,0.0,5.0
303,607,0.0,3.0
304,609,0.0,-1.0
305,611,0.0,-4.0
306,613,0.0,4.0
307,615,0.0,3.0
308,617,0.0,-3.0
309,619,1.0,-4.0
310,621,-1.0,-3.0
311,623,-1.0,-4.0
312,625,1.0,6.0
313,627,0.0,-2.0
314,629,0.0,-2.0
315,631,0.0,-2.0
316,633,0.0,-1.0
317,635,0.0,2.0
318,637,0.0,2.0
319,639,0.0,3.0
320,641,0.0,-3.0
321,643,0.0,3.0
322,645,0.0,1.0
323,647,0.0,2.0
324,649,0.0,2.0
325,651,0.0,-4.0
326,653,0.0,2.0
327,655,0.0,-5.0
328,657,0.0,3.0
329,659,0.0,-3.0
330,661,0.0,-2.0
331,663,0.0,-4.0
332,665,0.0,2.0
333,667,0.0,2.0
334,669,0.0,2.0
335,671,0.0,3.0
336,673,0.0,2.0
337,675,0.0,1.0
338,677,0.0,2.0
339,679,0.0,2.0
340,681,0.0,1.0
341,683,-1.0,-1.0
342,685,0.0,2.0
343,687,0.0,1.0
344,689,2.0,1.0
345,691,-2.0,-2.0
346,693,1.0,-1.0
347,695,0.0,-4.0
348,697,0.0,2.0
349,699,0.0,2.0
350,701,0.0,-2.0
351,703,0.0,-4.0
352,705,-1.0,-1.0
353,707,4.0,1.0
354,709,-3.0,-2.0
355,711,1.0,2.0
356,713,0.0,-2.0
357,715,1.0,2.0
358,717,-1.0,-2.0
359,719,1.0,2.0
360,721,-2.0,2.0
361,723,0.0,-1.0
362,725,0.0,-3.0
363,727,0.0,-1.0
364,729,0.0,3.0
365,731,-1.0,-2.0
366,733,1.0,-3.0
367,735,1.0,-1.0
368,737,-1.0,-4.0
369,739,0.0,4.0
370,741,0.0,3.0
371,743,0.0,-2.0
372,745,0.0,2.0
373,747,0.0,2.0
374,749,0.0,3.0
375,751,0.0,-2.0
376,753,0.0,-1.0
377,755,0.0,-1.0
378,757,0.0,-1.0
379,759,0.0,-2.0
380,761,0.0,-4.0
381,763,0.0,-1.0
382,765,0.0,1.0
383,767,0.0,2.0
384,769,0.0,2.0
385,771,0.0,2.0
386,773,0.0,3.0
387,775,2.0,5.0
388,777,-2.0,-2.0
389,779,0.0,-1.0
390,781,0.0,-4.0
391,783,0.0,-1.0
392,785,0.0,3.0
393,787,0.0,-2.0
394,789,0.0,-3.0
395,791,1.0,10.0
396,793,2.0,0.0
397,795,-2.0,-4.0
398,797,-0.0,4.0
399,799,1.0,3.0
400,801,-1.0,-3.0
401,803,0.0,-4.0
402,805,1.0,-3.0
403,807,1.0,9.0
404,809,-3.0,-3.0
405,811,0.0,-4.0
406,813,1.0,-3.0
407,815,-1.0,3.0
408,817,0.0,7.0
409,819,4.0,-1.0
410,821,-4.0,-4.0
411,823,0.0,2.0
412,825,0.0,2.0
413,827,1.0,-2.0
414,829,0.0,-4.0
415,831,0.0,-3.0
416,833,0.0,-3.0
417,835,1.0,8.0
418,837,-2.0,0.0
419,839,1.0,2.0
420,841,1.0,3.0
421,843,-1.0,0.0
422,845,2.0,2.0
423,847,-3.0,-2.0
424,849,2.0,2.0
425,851,-0.0,1.0
426,853,-1.0,-1.0
427,855,-1.0,-1.0
428,857,3.0,1.0
429,859,-2.0,-1.0
430,861,-1.0,-2.0
431,863,2.0,-1.0
432,865,-1.0,-6.0
433,867,-1.0,4.0
434,869,0.0,2.0
435,871,2.0,5.0
436,873,-1.0,-2.0
437,875,0.0,-1.0
438,877,1.0,-5.0
439,879,-1.0,3.0
440,881,0.0,-3.0
441,883,-1.0,-4.0
442,885,1.0,1.0
443,887,0.0,3.0
444,889,0.0,-2.0
445,891,0.0,3.0
446,893,0.0,3.0
447,895,1.0,4.0
448,897,-2.0,0.0
449,899,3.0,4.0
450,901,-2.0,-9.0
451,903,-0.0,7.0
452,905,-1.0,-3.0
453,907,2.0,-6.0
454,909,-1.0,5.0
455,911,2.0,1.0
456,913,-2.0,-4.0
457,915,-1.0,-4.0
458,917,0.0,-4.0
459,919,0.0,-4.0
460,921,0.0,-4.0
461,923,0.0,-4.0
462,925,0.0,1.0
463,927,0.0,3.0
464,929,1.0,3.0
465,931,-1.0,5.0
466,933,0.0,4.0
467,935,1.0,2.0
468,937,1.0,2.0
469,939,-2.0,-13.0
470,941,0.0,2.0
471,943,0.0,2.0
472,945,-0.0,2.0
473,947,0.0,4.0
474,949,1.0,4.0
475,951,2.0,4.0
476,953,-2.0,-4.0
477,955,0.0,3.0
478,957,0.0,-2.0
479,959,1.0,-9.0
480,961,-2.0,8.0
481,963,3.0,1.0
482,965,-2.0,0.0
483,967,0.0,-5.0
484,969,0.0,4.0
485,971,0.0,3.0
486,973,0.0,-2.0
487,975,0.0,-6.0
488,977,-1.0,3.0
489,979,0.0,2.0
490,981,0.0,3.0
491,983,1.0,-2.0
492,985,0.0,-3.0
493,987,0.0,2.0
494,989,0.0,3.0
495,991,0.0,-2.0
496,993,0.0,-5.0
497,995,0.0,-4.0
498,997,-0.0,-3.0
499,999,-0.0,-1.0
500,1001,-1.0,-2.0
501,1003,2.0,2.0
502,1005,-2.0,3.0
503,1007,1.0,-2.0
504,1009,0.0,2.0
505,1011,0.0,1.0
506,1013,1.0,2.0
507,1015,-1.0,-1.0
508,1017,1.0,-4.0
509,1019,-1.0,10.0
510,1021,1.0,5.0
511,1023,-0.0,-2.0
512,1025,-2.0,-2.0
513,1027,1.0,1.0
514,1029,1.0,-6.0
515,1031,-1.0,1.0
516,1033,0.0,3.0
517,1035,0.0,-2.0
518,1037,-1.0,-5.0
519,1039,2.0,1.0
520,1041,-2.0,3.0
521,1043,1.0,-2.0
522,1045,0.0,3.0
523,1047,0.0,4.0
524,1049,1.0,3.0
525,1051,-1.0,0.0
526,1053,-1.0,-1.0
527,1055,0.0,-1.0
528,1057,0.0,-2.0
529,1059,2.0,1.0
530,1061,0.0,-3.0
531,1063,0.0,2.0
532,1065,-2.0,1.0
533,1067,1.0,-1.0
534,1069,-1.0,-2.0
535,1071,1.0,2.0
536,1073,-1.0,-4.0
537,1075,0.0,-4.0
538,1077,2.0,-3.0
539,1079,-1.0,3.0
540,1081,0.0,-3.0
541,1083,1.0,-2.0
542,1085,-1.0,2.0
543,1087,-1.0,1.0
544,1089,1.0,2.0
545,1091,0.0,2.0
546,1093,0.0,-3.0
547,1095,0.0,2.0
548,1097,0.0,-1.0
549,1099,-1.0,2.0
550,1101,0.0,2.0
551,1103,1.0,2.0
552,1105,0.0,3.0
553,1107,0.0,-1.0
554,1109,0.0,3.0
555,1111,0.0,-4.0
556,1113,0.0,-2.0
557,1115,0.0,-5.0
558,1117,0.0,2.0
559,1119,0.0,2.0
560,1121,0.0,-4.0
561,1123,1.0,-3.0
562,1125,-1.0,5.0
563,1127,0.0,2.0
564,1129,0.0,-1.0
565,1131,0.0,-1.0
566,1133,1.0,-2.0
567,1135,0.0,-3.0
568,1137,0.0,0.0
569,1139,0.0,0.0
570,1141,1.0,0.0
571,1143,-2.0,6.0
572,1145,2.0,1.0
573,1147,-2.0,-2.0
574,1149,-1.0,-2.0
575,1151,0.0,-3.0
576,1153,1.0,3.0
577,1155,-1.0,4.0
578,1157,0.0,-4.0
579,1159,0.0,4.0
580,1161,1.0,2.0
581,1163,2.0,5.0
582,1165,-2.0,-2.0
583,1167,2.0,-2.0
584,1169,-2.0,-3.0
585,1171,0.0,-4.0
586,1173,0.0,-3.0
587,1175,0.0,-7.0
588,1177,0.0,3.0
589,1179,-1.0,4.0
590,1181,0.0,3.0
591,1183,0.0,4.0
592,1185,3.0,3.0
593,1187,-2.0,-3.0
594,1189,-1.0,1.0
595,1191,0.0,-1.0
596,1193,1.0,-2.0
597,1195,-1.0,-2.0
598,1197,0.0,-1.0
599,1199,0.0,-2.0
600,1201,0.0,-2.0
601,1203,0.0,-2.0
602,1205,0.0,-1.0
603,1207,0.0,-2.0
604,1209,0.0,-2.0
605,1211,0.0,-1.0
606,1213,2.0,-2.0
607,1215,-2.0,2.0
608,1217,0.0,2.0
609,1219,0.0,2.0
610,1221,0.0,-4.0
611,1223,0.0,5.0
612,1225,0.0,2.0
613,1227,0.0,2.0
614,1229,-0.0,1.0
615,1231,0.0,2.0
616,1233,0.0,2.0
617,1235,0.0,1.0
618,1237,0.0,2.0
619,1239,0.0,2.0
620,1241,1.0,2.0
621,1243,0.0,-19.0
622,1245,-1.0,2.0
623,1247,0.0,2.0
624,1249,0.0,1.0
625,1251,0.0,3.0
626,1253,0.0,2.0
627,1255,0.0,3.0
628,1257,0.0,3.0
629,1259,2.0,2.0
630,1261,-1.0,-12.0
631,1263,0.0,3.0
632,1265,-1.0,2.0
633,1267,1.0,4.0
634,1269,0.0,4.0
635,1271,3.0,4.0
636,1273,-2.0,-4.0
637,1275,1.0,3.0
638,1277,-4.0,-4.0
639,1279,0.0,1.0
640,1281,0.0,1.0
641,1283,0.0,1.0
642,1285,2.0,1.0
643,1287,-2.0,-1.0
644,1289,0.0,-1.0
645,1291,1.0,-1.0
646,1293,-1.0,-3.0
647,1295,1.0,-1.0
648,1297,0.0,-1.0
649,1299,0.0,-1.0
650,1301,0.0,-2.0
651,1303,0.0,-1.0
652,1305,0.0,-2.0
653,1307,0.0,-1.0
654,1309,-1.0,-2.0
655,1311,1.0,2.0
656,1313,0.0,3.0
657,1315,0.0,-2.0
658,1317,0.0,2.0
659,1319,0.0,1.0
660,1321,1.0,2.0
661,1323,-1.0,2.0
662,1325,1.0,1.0
663,1327,-1.0,3.0
664,1329,1.0,1.0
665,1331,-1.0,-5.0
666,1333,0.0,1.0
667,1335,0.0,-1.0
668,1337,0.0,-2.0
669,1339,0.0,-1.0
670,1341,0.0,3.0
671,1343,0.0,-2.0
672,1345,0.0,-5.0
673,1347,1.0,-4.0
674,1349,0.0,4.0
675,1351,-1.0,-5.0
676,1353,1.0,5.0
677,1355,-1.0,-2.0
678,1357,1.0,2.0
679,1359,-1.0,9.0
680,1361,0.0,-2.0
681,1363,0.0,-1.0
682,1365,0.0,-1.0
683,1367,0.0,-2.0
684,1369,0.0,4.0
685,1371,1.0,2.0
686,1373,0.0,5.0
687,1375,-2.0,0.0
688,1377,1.0,-3.0
689,1379,2.0,1.0
690,1381,-2.0,-4.0
691,1383,0.0,2.0
692,1385,-1.0,-4.0
693,1387,2.0,-3.0
694,1389,-1.0,-5.0
695,1391,0.0,7.0
696,1393,-1.0,5.0
697,1395,0.0,2.0
698,1397,0.0,1.0
699,1399,1.0,1.0
700,1401,-1.0,-1.0
701,1403,1.0,-2.0
702,1405,-1.0,-3.0
703,1407,1.0,-1.0
704,1409,0.0,-2.0
705,1411,0.0,-2.0
706,1413,-1.0,-3.0
707,1415,0.0,3.0
708,1417,1.0,4.0
709,1419,0.0,-5.0
710,1421,0.0,3.0
711,1423,0.0,3.0
712,1425,1.0,0.0
713,1427,-1.0,-1.0
714,1429,0.0,-2.0
715,1431,1.0,-2.0
716,1433,-1.0,-4.0
717,1435,0.0,3.0
718,1437,0.0,-2.0
719,1439,1.0,2.0
720,1441,-0.0,3.0
721,1443,-1.0,1.0
722,1445,-1.0,1.0
723,1447,1.0,1.0
724,1449,0.0,-2.0
725,1451,0.0,1.0
726,1453,0.0,-4.0
727,1455,0.0,-1.0
728,1457,0.0,3.0
729,1459,0.0,-2.0
730,1461,0.0,-3.0
731,1463,0.0,-1.0
732,1465,0.0,3.0
733,1467,0.0,-2.0
734,1469,0.0,2.0
735,1471,0.0,10.0
736,1473,0.0,-6.0
737,1475,0.0,1.0
738,1477,0.0,3.0
739,1479,0.0,-2.0
740,1481,0.0,-1.0
741,1483,1.0,-3.0
742,1485,-1.0,3.0
743,1487,2.0,-2.0
744,1489,-1.0,-2.0
745,1491,0.0,2.0
746,1493,-1.0,-2.0
747,1495,0.0,2.0
748,1497,0.0,-2.0
749,1499,-1.0,-3.0
750,1501,1.0,-2.0
751,1503,0.0,-2.0
752,1505,0.0,-1.0
753,1507,0.0,2.0
754,1509,0.0,2.0
755,1511,0.0,3.0
756,1513,1.0,-2.0
757,1515,-1.0,2.0
758,1517,0.0,1.0
759,1519,-1.0,-1.0
760,1521,3.0,1.0
761,1523,-2.0,-1.0
762,1525,0.0,1.0
763,1527,-1.0,2.0
764,1529,0.0,2.0
765,1531,0.0,1.0
766,1533,0.0,1.0
767,1535,0.0,4.0
768,1537,2.0,-1.0
769,1539,-2.0,-2.0
770,1541,0.0,-8.0
771,1543,0.0,3.0
772,1545,-1.0,2.0
773,1547,0.0,2.0
774,1549,0.0,3.0
775,1551,2.0,-1.0
776,1553,-2.0,-3.0
777,1555,0.0,-1.0
778,1557,0.0,-4.0
779,1559,-1.0,7.0
780,1561,3.0,1.0
781,1563,-2.0,-4.0
782,1565,-1.0,4.0
783,1567,3.0,1.0
784,1569,0.0,7.0
785,1571,-1.0,-2.0
786,1573,0.0,-2.0
787,1575,-0.0,2.0
788,1577,1.0,2.0
789,1579,-1.0,-2.0
790,1581,2.0,-2.0
791,1583,-1.0,-3.0
792,1585,-2.0,-2.0
793,1587,2.0,2.0
794,1589,-3.0,-2.0
795,1591,1.0,-2.0
796,1593,0.0,-5.0
797,1595,0.0,1.0
798,1597,0.0,3.0
799,1599,0.0,-2.0
800,1601,0.0,3.0
801,1603,1.0,4.0
802,1605,-2.0,1.0
803,1607,1.0,2.0
804,1609,0.0,-3.0
805,1611,0.0,-4.0
806,1613,1.0,-1.0
807,1615,-1.0,-2.0
808,1617,1.0,2.0
809,1619,-1.0,-1.0
810,1621,-1.0,-1.0
811,1623,1.0,-1.0
812,1625,0.0,-1.0
813,1627,0.0,-1.0
814,1629,1.0,-2.0
815,1631,-1.0,-1.0
816,1633,0.0,1.0
817,1635,1.0,2.0
818,1637,0.0,1.0
819,1639,0.0,-3.0
820,1641,-1.0,2.0
821,1643,1.0,1.0
822,1645,-1.0,2.0
823,1647,0.0,1.0
824,1649,0.0,2.0
825,1651,0.0,2.0
826,1653,0.0,3.0
827,1655,0.0,-3.0
828,1657,0.0,-4.0
829,1659,0.0,-3.0
830,1661,0.0,-2.0
831,1663,0.0,1.0
832,1665,0.0,2.0
833,1667,0.0,1.0
834,1669,-1.0,-3.0
835,1671,1.0,5.0
836,1673,0.0,-4.0
837,1675,1.0,-4.0
838,1677,-1.0,4.0
839,1679,-1.0,-3.0
840,1681,1.0,3.0
841,1683,-1.0,4.0
842,1685,0.0,-4.0
843,1687,-0.0,4.0
844,1689,2.0,3.0
845,1691,-1.0,-2.0
846,1693,3.0,2.0
847,1695,-2.0,-3.0
848,1697,-2.0,-4.0
849,1699,0.0,-3.0
850,1701,1.0,3.0
851,1703,-1.0,4.0
852,1705,0.0,3.0
853,1707,1.0,-3.0
854,1709,0.0,-4.0
855,1711,-1.0,-3.0
856,1713,0.0,3.0
857,1715,0.0,3.0
858,1717,0.0,1.0
859,1719,0.0,1.0
860,1721,0.0,-1.0
861,1723,0.0,-2.0
862,1725,0.0,-3.0
863,1727,0.0,3.0
864,1729,0.0,1.0
865,1731,0.0,1.0
866,1733,3.0,3.0
867,1735,-3.0,-3.0
868,1737,-1.0,-4.0
869,1739,1.0,-3.0
870,1741,-1.0,3.0
871,1743,0.0,3.0
872,1745,0.0,1.0
873,1747,1.0,3.0
874,1749,0.0,-3.0
875,1751,-1.0,-2.0
876,1753,0.0,-2.0
877,1755,0.0,-3.0
878,1757,0.0,3.0
879,1759,0.0,1.0
880,1761,2.0,6.0
881,1763,-1.0,0.0
882,1765,1.0,5.0
883,1767,-2.0,-1.0
884,1769,0.0,-2.0
885,1771,0.0,-2.0
886,1773,0.0,-2.0
887,1775,0.0,-3.0
888,1777,1.0,3.0
889,1779,-1.0,2.0
890,1781,1.0,1.0
891,1783,0.0,4.0
892,1785,-2.0,-1.0
893,1787,0.0,-2.0
894,1789,1.0,-1.0
895,1791,0.0,-3.0
896,1793,0.0,-3.0
897,1795,-0.0,-2.0
898,1797,0.0,2.0
899,1799,1.0,2.0
900,1801,2.0,3.0
901,1803,-2.0,-3.0
902,1805,-2.0,-2.0
903,1807,1.0,-2.0
904,1809,-1.0,-3.0
905,1811,1.0,3.0
906,1813,0.0,4.0
907,1815,0.0,3.0
908,1817,0.0,-3.0
909,1819,-0.0,-4.0
910,1821,0.0,-3.0
911,1823,0.0,3.0
912,1825,0.0,2.0
913,1827,0.0,2.0
914,1829,0.0,3.0
915,1831,0.0,-3.0
916,1833,0.0,-2.0
917,1835,1.0,-2.0
918,1837,0.0,4.0
919,1839,1.0,3.0
920,1841,-2.0,2.0
921,1843,0.0,1.0
922,1845,1.0,1.0
923,1847,-1.0,-1.0
924,1849,0.0,-1.0
925,1851,1.0,-1.0
926,1853,0.0,-3.0
927,1855,0.0,-1.0
928,1857,0.0,-1.0
929,1859,0.0,-1.0
930,1861,-1.0,-2.0
931,1863,2.0,-1.0
932,1865,-1.0,-2.0
933,1867,0.0,-1.0
934,1869,0.0,-4.0
935,1871,0.0,4.0
936,1873,0.0,3.0
937,1875,0.0,-2.0
938,1877,0.0,2.0
939,1879,0.0,1.0
940,1881,0.0,2.0
941,1883,0.0,2.0
942,1885,0.0,-4.0
943,1887,1.0,-3.0
944,1889,-1.0,5.0
945,1891,-1.0,-2.0
946,1893,1.0,-4.0
947,1895,0.0,-4.0
948,1897,0.0,8.0
949,1899,0.0,-3.0
950,1901,0.0,3.0
951,1903,1.0,4.0
952,1905,-1.0,0.0
953,1907,0.0,-2.0
954,1909,2.0,3.0
955,1911,-2.0,-1.0
956,1913,0.0,1.0
957,1915,0.0,-1.0
958,1917,0.0,-2.0
959,1919,0.0,-2.0
960,1921,0.0,-3.0
961,1923,0.0,4.0
962,1925,1.0,3.0
963,1927,-1.0,3.0
964,1929,1.0,5.0
965,1931,-1.0,0.0
966,1933,0.0,-2.0
967,1935,2.0,-1.0
968,1937,-2.0,-2.0
969,1939,0.0,-2.0
970,1941,2.0,-1.0
971,1943,-3.0,-2.0
972,1945,0.0,-2.0
973,1947,0.0,-3.0
974,1949,0.0,-2.0
975,1951,0.0,-2.0
976,1953,-0.0,-1.0
977,1955,0.0,-2.0
978,1957,0.0,-2.0
979,1959,1.0,-3.0
980,1961,1.0,-2.0
981,1963,-2.0,2.0
982,1965,1.0,3.0
983,1967,-1.0,-3.0
984,1969,0.0,5.0
985,1971,0.0,-3.0
986,1973,0.0,1.0
987,1975,0.0,-1.0
988,1977,0.0,1.0
989,1979,0.0,2.0
990,1981,0.0,1.0
991,1983,0.0,2.0
992,1985,0.0,1.0
993,1987,1.0,2.0
994,1989,-1.0,1.0
995,1991,0.0,1.0
996,1993,-0.0,1.0
997,1995,0.0,1.0
998,1997,1.0,2.0
999,1999,-1.0,-2.0
1000,2001,0.0,2.0
1001,2003,0.0,2.0
1002,2005,0.0,2.0
1003,2007,0.0,1.0
1004,2009,1.0,1.0
1005,2011,-1.0,-21.0
1006,2013,0.0,3.0
1007,2015,0.0,3.0
1008,2017,0.0,1.0
1009,2019,0.0,3.0
1010,2021,1.0,3.0
1011,2023,-1.0,3.0
1012,2025,0.0,1.0
1013,2027,1.0,3.0
1014,2029,-1.0,-20.0
1015,2031,0.0,2.0
1016,2033,0.0,3.0
1017,2035,0.0,1.0
1018,2037,1.0,3.0
1019,2039,-1.0,2.0
1020,2041,0.0,2.0
1021,2043,0.0,2.0
1022,2045,0.0,2.0
1023,2047,0.0,2.0
1024,2049,3.0,2.0
1025,2051,-2.0,-1.0
1026,2053,-1.0,1.0
1027,2055,1.0,-4.0
1028,2057,-1.0,2.0
1029,2059,0.0,2.0
1030,2061,1.0,-2.0
1031,2063,0.0,-4.0
1032,2065,-1.0,1.0
1033,2067,3.0,1.0
1034,2069,-2.0,-7.0
1035,2071,0.0,3.0
1036,2073,1.0,4.0
1037,2075,0.0,-9.0
1038,2077,0.0,4.0
1039,2079,-1.0,3.0
1040,2081,2.0,-5.0
1041,2083,-3.0,3.0
1042,2085,0.0,3.0
1043,2087,2.0,-8.0
1044,2089,-2.0,4.0
1045,2091,2.0,3.0
1046,2093,-1.0,-5.0
1047,2095,0.0,3.0
1048,2097,1.0,4.0
1049,2099,-1.0,-9.0
1050,2101,-1.0,4.0
1051,2103,1.0,3.0
1052,2105,2.0,-2.0
1053,2107,-2.0,-3.0
1054,2109,0.0,3.0
1055,2111,0.0,4.0
1056,2113,0.0,-2.0
1057,2115,0.0,3.0
1058,2117,0.0,4.0
1059,2119,0.0,-9.0
1060,2121,0.0,4.0
1061,2123,0.0,3.0
1062,2125,1.0,-5.0
1063,2127,-1.0,2.0
1064,2129,-1.0,5.0
1065,2131,1.0,-9.0
1066,2133,0.0,4.0
1067,2135,1.0,3.0
1068,2137,-1.0,-10.0
1069,2139,1.0,3.0
1070,2141,-0.0,4.0
1071,2143,1.0,-9.0
1072,2145,-3.0,4.0
1073,2147,0.0,3.0
1074,2149,2.0,-5.0
1075,2151,-1.0,3.0
1076,2153,-1.0,4.0
1077,2155,2.0,-5.0
1078,2157,-1.0,5.0
1079,2159,0.0,-1.0
1080,2161,0.0,0.0
1081,2163,0.0,-1.0
1082,2165,0.0,-1.0
1083,2167,0.0,-1.0
1084,2169,-1.0,-1.0
1085,2171,1.0,-2.0
1086,2173,0.0,-2.0
1087,2175,1.0,-5.0
1088,2177,-1.0,0.0
1089,2179,0.0,3.0
1090,2181,-1.0,6.0
1091,2183,1.0,-3.0
1092,2185,1.0,-2.0
1093,2187,-1.0,0.0
1094,2189,0.0,2.0
1095,2191,0.0,3.0
1096,2193,0.0,-2.0
1097,2195,0.0,2.0
1098,2197,0.0,1.0
1099,2199,1.0,2.0
1100,2201,-1.0,2.0
1101,2203,-1.0,5.0
1102,2205,-0.0,-4.0
1103,2207,2.0,-1.0
1104,2209,-0.0,-2.0
1105,2211,0.0,-2.0
1106,2213,-1.0,4.0
1107,2215,1.0,-4.0
1108,2217,0.0,-1.0
1109,2219,1.0,-2.0
1110,2221,-1.0,2.0
1111,2223,3.0,1.0
1112,2225,-2.0,-1.0
1113,2227,-1.0,1.0
1114,2229,0.0,2.0
1115,2231,0.0,-2.0
1116,2233,1.0,2.0
1117,2235,-2.0,1.0
1118,2237,4.0,1.0
1119,2239,-4.0,3.0
1120,2241,0.0,-1.0
1121,2243,1.0,-3.0
1122,2245,-1.0,-2.0
1123,2247,3.0,-4.0
1124,2249,-2.0,5.0
1125,2251,-1.0,-5.0
1126,2253,0.0,5.0
1127,2255,1.0,3.0
1128,2257,-1.0,-3.0
1129,2259,0.0,3.0
1130,2261,1.0,4.0
1131,2263,2.0,3.0
1132,2265,-3.0,-1.0
1133,2267,0.0,0.0
1134,2269,0.0,-3.0
1135,2271,0.0,-1.0
1136,2273,1.0,-2.0
1137,2275,1.0,-1.0
1138,2277,0.0,0.0
1139,2279,0.0,-1.0
1140,2281,0.0,-3.0
1141,2283,0.0,-1.0
1142,2285,-1.0,3.0
1143,2287,1.0,-2.0
1144,2289,0.0,-3.0
1145,2291,0.0,-3.0
1146,2293,0.0,-2.0
1147,2295,1.0,5.0
1148,2297,-1.0,3.0
1149,2299,0.0,2.0
1150,2301,0.0,1.0
1151,2303,2.0,-1.0
1152,2305,-4.0,1.0
1153,2307,2.0,-1.0
1154,2309,-2.0,1.0
1155,2311,2.0,-1.0
1156,2313,-1.0,-2.0
1157,2315,2.0,-3.0
1158,2317,-1.0,-2.0
1159,2319,-1.0,4.0
1160,2321,2.0,-2.0
1161,2323,0.0,-5.0
1162,2325,0.0,0.0
